Inventory Transfer : Category,Inventory Transfer : Date,Inventory Transfer : Department,Inventory Transfer : ExternalId,Inventory Transfer : From Location,Inventory Transfer : Internal ID,Inventory Transfer : Memo,Inventory Transfer : Posting Period,Inventory Transfer : Ref. No.,Inventory Transfer : To Location,Inventory Transfer Items : Item,Inventory Transfer Items : Line,Inventory Transfer Items : Qty. To Transfer,Inventory Transfer Items : Units,External ID
,9/30/17,,,Pride Industries,,transfer of all pride to tigers hayward,,,153 Tigers Hayward,AKCC-1194 AKCC-1194,1,5,,EXT_3799
,9/30/17,,,Pride Industries,,transfer of all pride to tigers hayward,,,153 Tigers Hayward,AKFC-1193 AKFC-1193,2,0,,EXT_3798
,9/30/17,,,Pride Industries,,transfer of all pride to tigers hayward,,,153 Tigers Hayward,AKVC-1192 AKVC-1192,3,49,,EXT_3797
,9/30/17,,,Pride Industries,,transfer of all pride to tigers hayward,,,153 Tigers Hayward,CCKA-2PKA CCKA-2PKA,4,673.92,,EXT_3790
,9/30/17,,,Pride Industries,,transfer of all pride to tigers hayward,,,153 Tigers Hayward,CCKA-2PKB CCKA-2PKB,5,701.92,,EXT_3791
,9/30/17,,,Pride Industries,,transfer of all pride to tigers hayward,,,153 Tigers Hayward,CCKA-2PKC CCKA-2PKC,6,664.92,,EXT_3792
,9/30/17,,,Pride Industries,,transfer of all pride to tigers hayward,,,153 Tigers Hayward,CCKIND-PVY CCKIND-PVY,7,0,,EXT_3787
,9/30/17,,,Pride Industries,,transfer of all pride to tigers hayward,,,153 Tigers Hayward,CCKIND-VYP CCKIND-VYP,8,0,,EXT_3789
,9/30/17,,,Pride Industries,,transfer of all pride to tigers hayward,,,153 Tigers Hayward,CCKIND-YPV CCKIND-YPV,9,0,,EXT_3788
,9/30/17,,,Pride Industries,,transfer of all pride to tigers hayward,,,153 Tigers Hayward,FLAKA-ASSY FLAKA-ASSY,10,1249,,EXT_3774
,9/30/17,,,Pride Industries,,transfer of all pride to tigers hayward,,,153 Tigers Hayward,FLAKB-ASSY FLAKB-ASSY,11,1249,,EXT_3775
,9/30/17,,,Pride Industries,,transfer of all pride to tigers hayward,,,153 Tigers Hayward,FLAKC-ASSY FLAKC-ASSY,12,1249,,EXT_3776
,9/30/17,,,Pride Industries,,transfer of all pride to tigers hayward,,,153 Tigers Hayward,FLAKD-ASSY FLAKD-ASSY,13,1249,,EXT_3777
,9/30/17,,,Pride Industries,,transfer of all pride to tigers hayward,,,153 Tigers Hayward,FLWA-1012 FLWA-1012,14,6452,,EXT_618
,9/30/17,,,Pride Industries,,transfer of all pride to tigers hayward,,,153 Tigers Hayward,FLWA2-1285 FLWA2-1285,15,4514,,EXT_4274
,9/30/17,,,Pride Industries,,transfer of all pride to tigers hayward,,,153 Tigers Hayward,LBBK-1191 LBBK-1191,16,3,,EXT_3941
,9/30/17,,,Pride Industries,,transfer of all pride to tigers hayward,,,153 Tigers Hayward,SCBK-1190 SCBK-1190,17,1909,,EXT_3940
,9/30/17,,,Pride Industries,,transfer of all pride to tigers hayward,,,153 Tigers Hayward,Assy Buckets w/ Rope and Assy Buckets w/ Rope and,18,0,,EXT_1569
,9/30/17,,,Pride Industries,,transfer of all pride to tigers hayward,,,153 Tigers Hayward,Assy CHP1 - KS Assy CHP1 - KS,19,5472,,EXT_1464
,9/30/17,,,Pride Industries,,transfer of all pride to tigers hayward,,,153 Tigers Hayward,Assy SLDA - Pride Assy SLDA - Pride,20,0,,EXT_1551
,9/30/17,,,Pride Industries,,transfer of all pride to tigers hayward,,,153 Tigers Hayward,Assy SWB1-1174 (Pride) Assy SWB1-1174 (Pride),21,0,,EXT_1567
,9/30/17,,,Pride Industries,,transfer of all pride to tigers hayward,,,153 Tigers Hayward,Assy SWB2-1175 Pride Assy SWB2-1175 Pride,22,0,,EXT_1568
,9/30/17,,,Pride Industries,,transfer of all pride to tigers hayward,,,153 Tigers Hayward,Assy SWD1-1176 (Pride) Assy SWD1-1176 (Pride),23,2900,,EXT_1570
,9/30/17,,,Pride Industries,,transfer of all pride to tigers hayward,,,153 Tigers Hayward,Assy SWD2-1177 (Pride) Assy SWD2-1177 (Pride),24,1400,,EXT_1571
,9/30/17,,,Pride Industries,,transfer of all pride to tigers hayward,,,153 Tigers Hayward,Assy SWDR-1169 (Pride) Assy SWDR-1169 (Pride),25,0,,EXT_1572
,9/30/17,,,Pride Industries,,transfer of all pride to tigers hayward,,,153 Tigers Hayward,Assy SWRB-1171 (Pride) Assy SWRB-1171 (Pride),26,0,,EXT_1573
,9/30/17,,,Pride Industries,,transfer of all pride to tigers hayward,,,153 Tigers Hayward,Assy SWSB-1172 (Pride) Assy SWSB-1172 (Pride),27,800,,EXT_1574
,9/30/17,,,Pride Industries,,transfer of all pride to tigers hayward,,,153 Tigers Hayward,Assy SWSC-1170 (Pride) Assy SWSC-1170 (Pride),28,0,,EXT_1575
,9/30/17,,,Pride Industries,,transfer of all pride to tigers hayward,,,153 Tigers Hayward,Assy SWSE-1173 (Pride) Assy SWSE-1173 (Pride),29,0,,EXT_1576
,9/30/17,,,Pride Industries,,transfer of all pride to tigers hayward,,,153 Tigers Hayward,BLT01R BLT01R,30,25354,,EXT_361
,9/30/17,,,Pride Industries,,transfer of all pride to tigers hayward,,,153 Tigers Hayward,BUN01R-B BUN01R-B,31,875,,EXT_267
,9/30/17,,,Pride Industries,,transfer of all pride to tigers hayward,,,153 Tigers Hayward,BUN01R-T BUN01R-T,32,2085,,EXT_276
,9/30/17,,,Pride Industries,,transfer of all pride to tigers hayward,,,153 Tigers Hayward,BUR01R BUR01R,33,2218,,EXT_282
,9/30/17,,,Pride Industries,,transfer of all pride to tigers hayward,,,153 Tigers Hayward,BWLY-SLDA BWLY-SLDA,34,3414,,EXT_256
,9/30/17,,,Pride Industries,,transfer of all pride to tigers hayward,,,153 Tigers Hayward,CAK-PK CAK-PK,35,23,,EXT_3782
,9/30/17,,,Pride Industries,,transfer of all pride to tigers hayward,,,153 Tigers Hayward,CAK-VN CAK-VN,36,9,,EXT_3779
,9/30/17,,,Pride Industries,,transfer of all pride to tigers hayward,,,153 Tigers Hayward,CAK-YW CAK-YW,37,0,,EXT_3785
,9/30/17,,,Pride Industries,,transfer of all pride to tigers hayward,,,153 Tigers Hayward,CHS01R-P CHS01R-P,38,2987,,EXT_1035
,9/30/17,,,Pride Industries,,transfer of all pride to tigers hayward,,,153 Tigers Hayward,CHS01R-S CHS01R-S,39,7979,,EXT_316
,9/30/17,,,Pride Industries,,transfer of all pride to tigers hayward,,,153 Tigers Hayward,CKN01R CKN01R,40,276,,EXT_277
,9/30/17,,,Pride Industries,,transfer of all pride to tigers hayward,,,153 Tigers Hayward,CON01R-GR CON01R-GR,41,14082,,EXT_242
,9/30/17,,,Pride Industries,,transfer of all pride to tigers hayward,,,153 Tigers Hayward,CON01R-PR CON01R-PR,42,14338,,EXT_248
,9/30/17,,,Pride Industries,,transfer of all pride to tigers hayward,,,153 Tigers Hayward,CRM01R-PK2 CRM01R-PK2,43,435,,EXT_344
,9/30/17,,,Pride Industries,,transfer of all pride to tigers hayward,,,153 Tigers Hayward,CRM01R-R CRM01R-R,44,324,,EXT_260
,9/30/17,,,Pride Industries,,transfer of all pride to tigers hayward,,,153 Tigers Hayward,CST01R CST01R,45,5203,,EXT_331
,9/30/17,,,Pride Industries,,transfer of all pride to tigers hayward,,,153 Tigers Hayward,CUP01R-PK2 CUP01R-PK2,46,334,,EXT_345
,9/30/17,,,Pride Industries,,transfer of all pride to tigers hayward,,,153 Tigers Hayward,CUP01R-R CUP01R-R,47,1110,,EXT_261
,9/30/17,,,Pride Industries,,transfer of all pride to tigers hayward,,,153 Tigers Hayward,CUT01R CUT01R,48,3809,,EXT_287
,9/30/17,,,Pride Industries,,transfer of all pride to tigers hayward,,,153 Tigers Hayward,DAISY-LRG-PK DAISY-LRG-PK,49,4052,,EXT_318
,9/30/17,,,Pride Industries,,transfer of all pride to tigers hayward,,,153 Tigers Hayward,DAISY-LRG-PR DAISY-LRG-PR,50,10982,,EXT_293
,9/30/17,,,Pride Industries,,transfer of all pride to tigers hayward,,,153 Tigers Hayward,DAISY-LRG-YW DAISY-LRG-YW,51,2992,,EXT_294
,9/30/17,,,Pride Industries,,transfer of all pride to tigers hayward,,,153 Tigers Hayward,DAISY-PLG-PK DAISY-PLG-PK,52,1454,,EXT_339
,9/30/17,,,Pride Industries,,transfer of all pride to tigers hayward,,,153 Tigers Hayward,DAISY-PLG-PR DAISY-PLG-PR,53,10830,,EXT_322
,9/30/17,,,Pride Industries,,transfer of all pride to tigers hayward,,,153 Tigers Hayward,DAISY-PLG-YW DAISY-PLG-YW,54,4856,,EXT_323
,9/30/17,,,Pride Industries,,transfer of all pride to tigers hayward,,,153 Tigers Hayward,DAISY-SML-PK DAISY-SML-PK,55,2964,,EXT_319
,9/30/17,,,Pride Industries,,transfer of all pride to tigers hayward,,,153 Tigers Hayward,DAISY-SML-PR DAISY-SML-PR,56,10166,,EXT_295
,9/30/17,,,Pride Industries,,transfer of all pride to tigers hayward,,,153 Tigers Hayward,DAISY-SML-YW DAISY-SML-YW,57,1445,,EXT_296
,9/30/17,,,Pride Industries,,transfer of all pride to tigers hayward,,,153 Tigers Hayward,FLW-BASE-BR FLW-BASE-BR,58,105571,,EXT_249
,9/30/17,,,Pride Industries,,transfer of all pride to tigers hayward,,,153 Tigers Hayward,FLW-STEM-GR-LRG FLW-STEM-GR-LRG,59,22130,,EXT_230
,9/30/17,,,Pride Industries,,transfer of all pride to tigers hayward,,,153 Tigers Hayward,FLW-STEM-GR-SML FLW-STEM-GR-SML,60,30544,,EXT_231
,9/30/17,,,Pride Industries,,transfer of all pride to tigers hayward,,,153 Tigers Hayward,FRST-PK FRST-PK,61,6,,EXT_3778
,9/30/17,,,Pride Industries,,transfer of all pride to tigers hayward,,,153 Tigers Hayward,FRST-VN FRST-VN,62,2,,EXT_3784
,9/30/17,,,Pride Industries,,transfer of all pride to tigers hayward,,,153 Tigers Hayward,FRST-YW FRST-YW,63,9,,EXT_3781
,9/30/17,,,Pride Industries,,transfer of all pride to tigers hayward,,,153 Tigers Hayward,HAM01R-GR HAM01R-GR,64,8320,,EXT_262
,9/30/17,,,Pride Industries,,transfer of all pride to tigers hayward,,,153 Tigers Hayward,HAM01R-PR HAM01R-PR,65,6959,,EXT_268
,9/30/17,,,Pride Industries,,transfer of all pride to tigers hayward,,,153 Tigers Hayward,HAN01R-GR HAN01R-GR,66,5907,,EXT_252
,9/30/17,,,Pride Industries,,transfer of all pride to tigers hayward,,,153 Tigers Hayward,HAN01R-YW HAN01R-YW,67,13300,,EXT_253
,9/30/17,,,Pride Industries,,transfer of all pride to tigers hayward,,,153 Tigers Hayward,KTB01R-B KTB01R-B,68,1163,,EXT_232
,9/30/17,,,Pride Industries,,transfer of all pride to tigers hayward,,,153 Tigers Hayward,KTB01R-PK2 KTB01R-PK2,69,200,,EXT_258
,9/30/17,,,Pride Industries,,transfer of all pride to tigers hayward,,,153 Tigers Hayward,LID01R-PK2 LID01R-PK2,70,89,,EXT_332
,9/30/17,,,Pride Industries,,transfer of all pride to tigers hayward,,,153 Tigers Hayward,LID01R-Y LID01R-Y,71,564,,EXT_245
,9/30/17,,,Pride Industries,,transfer of all pride to tigers hayward,,,153 Tigers Hayward,LID02R-PK2 LID02R-PK2,72,460,,EXT_324
,9/30/17,,,Pride Industries,,transfer of all pride to tigers hayward,,,153 Tigers Hayward,LID02R-Y LID02R-Y,73,211,,EXT_224
,9/30/17,,,Pride Industries,,transfer of all pride to tigers hayward,,,153 Tigers Hayward,LILY-LRG-PK LILY-LRG-PK,74,3147,,EXT_325
,9/30/17,,,Pride Industries,,transfer of all pride to tigers hayward,,,153 Tigers Hayward,LILY-LRG-PR LILY-LRG-PR,75,10549,,EXT_305
,9/30/17,,,Pride Industries,,transfer of all pride to tigers hayward,,,153 Tigers Hayward,LILY-LRG-YW LILY-LRG-YW,76,3514,,EXT_306
,9/30/17,,,Pride Industries,,transfer of all pride to tigers hayward,,,153 Tigers Hayward,LILY-PLG-PK LILY-PLG-PK,77,2555,,EXT_346
,9/30/17,,,Pride Industries,,transfer of all pride to tigers hayward,,,153 Tigers Hayward,LILY-PLG-PR LILY-PLG-PR,78,8849,,EXT_333
,9/30/17,,,Pride Industries,,transfer of all pride to tigers hayward,,,153 Tigers Hayward,LILY-PLG-YW LILY-PLG-YW,79,3396,,EXT_334
,9/30/17,,,Pride Industries,,transfer of all pride to tigers hayward,,,153 Tigers Hayward,LILY-SML-PK LILY-SML-PK,80,4613,,EXT_326
,9/30/17,,,Pride Industries,,transfer of all pride to tigers hayward,,,153 Tigers Hayward,LILY-SML-PR LILY-SML-PR,81,1891,,EXT_307
,9/30/17,,,Pride Industries,,transfer of all pride to tigers hayward,,,153 Tigers Hayward,LILY-SML-YW LILY-SML-YW,82,4418,,EXT_308
,9/30/17,,,Pride Industries,,transfer of all pride to tigers hayward,,,153 Tigers Hayward,LNR-PK LNR-PK,83,5,,EXT_3786
,9/30/17,,,Pride Industries,,transfer of all pride to tigers hayward,,,153 Tigers Hayward,LNR-VN LNR-VN,84,51,,EXT_3783
,9/30/17,,,Pride Industries,,transfer of all pride to tigers hayward,,,153 Tigers Hayward,LNR-YW LNR-YW,85,1,,EXT_3780
,9/30/17,,,Pride Industries,,transfer of all pride to tigers hayward,,,153 Tigers Hayward,LTC01R LTC01R,86,7661,,EXT_309
,9/30/17,,,Pride Industries,,transfer of all pride to tigers hayward,,,153 Tigers Hayward,MES01R MES01R,87,10030,,EXT_221
,9/30/17,,,Pride Industries,,transfer of all pride to tigers hayward,,,153 Tigers Hayward,MES02R MES02R,88,0,,EXT_2159
,9/30/17,,,Pride Industries,,transfer of all pride to tigers hayward,,,153 Tigers Hayward,MES03R MES03R,89,20368,,EXT_4080
,9/30/17,,,Pride Industries,,transfer of all pride to tigers hayward,,,153 Tigers Hayward,MSH01R MSH01R,90,8690,,EXT_298
,9/30/17,,,Pride Industries,,transfer of all pride to tigers hayward,,,153 Tigers Hayward,NAI01R NAI01R,91,31563,,EXT_362
,9/30/17,,,Pride Industries,,transfer of all pride to tigers hayward,,,153 Tigers Hayward,NUT01R NUT01R,92,23784,,EXT_363
,9/30/17,,,Pride Industries,,transfer of all pride to tigers hayward,,,153 Tigers Hayward,ONI01R ONI01R,93,13225,,EXT_255
,9/30/17,,,Pride Industries,,transfer of all pride to tigers hayward,,,153 Tigers Hayward,PEP01R-G PEP01R-G,94,3383,,EXT_283
,9/30/17,,,Pride Industries,,transfer of all pride to tigers hayward,,,153 Tigers Hayward,PEP01R-R PEP01R-R,95,7972,,EXT_246
,9/30/17,,,Pride Industries,,transfer of all pride to tigers hayward,,,153 Tigers Hayward,PETUNIA-PK PETUNIA-PK,96,1046,,EXT_352
,9/30/17,,,Pride Industries,,transfer of all pride to tigers hayward,,,153 Tigers Hayward,PETUNIA-PLG-PK PETUNIA-PLG-PK,97,2571,,EXT_327
,9/30/17,,,Pride Industries,,transfer of all pride to tigers hayward,,,153 Tigers Hayward,PETUNIA-PLG-PR PETUNIA-PLG-PR,98,9592,,EXT_311
,9/30/17,,,Pride Industries,,transfer of all pride to tigers hayward,,,153 Tigers Hayward,PETUNIA-PLG-YW PETUNIA-PLG-YW,99,2099,,EXT_312
,9/30/17,,,Pride Industries,,transfer of all pride to tigers hayward,,,153 Tigers Hayward,PETUNIA-PR PETUNIA-PR,100,10021,,EXT_347
,9/30/17,,,Pride Industries,,transfer of all pride to tigers hayward,,,153 Tigers Hayward,PETUNIA-YW PETUNIA-YW,101,3122,,EXT_348
,9/30/17,,,Pride Industries,,transfer of all pride to tigers hayward,,,153 Tigers Hayward,PKG10x10x2 PKG10x10x2,102,715.3,,EXT_3942
,9/30/17,,,Pride Industries,,transfer of all pride to tigers hayward,,,153 Tigers Hayward,PKG12x9x6 PKG12x9x6,103,124.36,,EXT_1766
,9/30/17,,,Pride Industries,,transfer of all pride to tigers hayward,,,153 Tigers Hayward,PKG15x11x11 PKG15x11x11,104,0,,EXT_2253
,9/30/17,,,Pride Industries,,transfer of all pride to tigers hayward,,,153 Tigers Hayward,PKG15x15x10 PKG15x15x10,105,351,,EXT_2251
,9/30/17,,,Pride Industries,,transfer of all pride to tigers hayward,,,153 Tigers Hayward,PKG16x12x10 PKG16x12x10,106,58.5,,EXT_1769
,9/30/17,,,Pride Industries,,transfer of all pride to tigers hayward,,,153 Tigers Hayward,PKG18x9x9 PKG18x9x9,107,45.2,,EXT_1764
,9/30/17,,,Pride Industries,,transfer of all pride to tigers hayward,,,153 Tigers Hayward,PKG20x15x9 PKG20x15x9,108,58,,EXT_2252
,9/30/17,,,Pride Industries,,transfer of all pride to tigers hayward,,,153 Tigers Hayward,PKG20x16x10 PKG20x16x10,109,592,,EXT_4079
,9/30/17,,,Pride Industries,,transfer of all pride to tigers hayward,,,153 Tigers Hayward,PKG24x12x8 PKG24x12x8,110,63,,EXT_1765
,9/30/17,,,Pride Industries,,transfer of all pride to tigers hayward,,,153 Tigers Hayward,PKGBKTGMCT PKGBKTGMCT,111,119.36,,EXT_3801
,9/30/17,,,Pride Industries,,transfer of all pride to tigers hayward,,,153 Tigers Hayward,PKGBKTGRTL PKGBKTGRTL,112,531,,EXT_3800
,9/30/17,,,Pride Industries,,transfer of all pride to tigers hayward,,,153 Tigers Hayward,PKGCHP1MCT PKGCHP1MCT,113,255,,EXT_1759
,9/30/17,,,Pride Industries,,transfer of all pride to tigers hayward,,,153 Tigers Hayward,PKGCHP1RTL PKGCHP1RTL,114,379,,EXT_1757
,9/30/17,,,Pride Industries,,transfer of all pride to tigers hayward,,,153 Tigers Hayward,PKGCHP1THRMB PKGCHP1THRMB,115,342,,EXT_1761
,9/30/17,,,Pride Industries,,transfer of all pride to tigers hayward,,,153 Tigers Hayward,PKGCHP1THRMT PKGCHP1THRMT,116,108,,EXT_1758
,9/30/17,,,Pride Industries,,transfer of all pride to tigers hayward,,,153 Tigers Hayward,PKGCLSDBIG PKGCLSDBIG,117,0,,EXT_4254
,9/30/17,,,Pride Industries,,transfer of all pride to tigers hayward,,,153 Tigers Hayward,PKGCLSDBIGMCT PKGCLSDBIGMCT,118,0,,EXT_4255
,9/30/17,,,Pride Industries,,transfer of all pride to tigers hayward,,,153 Tigers Hayward,PKGCLSDMID PKGCLSDMID,119,0,,EXT_4265
,9/30/17,,,Pride Industries,,transfer of all pride to tigers hayward,,,153 Tigers Hayward,PKGCLSDMIDMCT PKGCLSDMIDMCT,120,0,,EXT_4267
,9/30/17,,,Pride Industries,,transfer of all pride to tigers hayward,,,153 Tigers Hayward,PKGCLSDSHRT PKGCLSDSHRT,121,7592,,EXT_4264
,9/30/17,,,Pride Industries,,transfer of all pride to tigers hayward,,,153 Tigers Hayward,PKGCLSDSHRTMCT PKGCLSDSHRTMCT,122,0,,EXT_4266
,9/30/17,,,Pride Industries,,transfer of all pride to tigers hayward,,,153 Tigers Hayward,PKGCMDSLV PKGCMDSLV,123,4175,,EXT_4225
,9/30/17,,,Pride Industries,,transfer of all pride to tigers hayward,,,153 Tigers Hayward,PKGCSCARTL PKGCSCARTL,124,109,,EXT_1469
,9/30/17,,,Pride Industries,,transfer of all pride to tigers hayward,,,153 Tigers Hayward,PKGCST-INS-2 qty PKGCST-INS-2 qty,125,2508,,EXT_3951
,9/30/17,,,Pride Industries,,transfer of all pride to tigers hayward,,,153 Tigers Hayward,PKGD4PKMCT PKGD4PKMCT,126,0,,EXT_4228
,9/30/17,,,Pride Industries,,transfer of all pride to tigers hayward,,,153 Tigers Hayward,PKGD4PKRTL PKGD4PKRTL,127,0,,EXT_4227
,9/30/17,,,Pride Industries,,transfer of all pride to tigers hayward,,,153 Tigers Hayward,PKGD4PKSLV PKGD4PKSLV,128,0,,EXT_4229
,9/30/17,,,Pride Industries,,transfer of all pride to tigers hayward,,,153 Tigers Hayward,PKGDKDGTHRM PKGDKDGTHRM,129,13825,,EXT_1458
,9/30/17,,,Pride Industries,,transfer of all pride to tigers hayward,,,153 Tigers Hayward,PKGDSTMCT PKGDSTMCT,130,2000,,EXT_4221
,9/30/17,,,Pride Industries,,transfer of all pride to tigers hayward,,,153 Tigers Hayward,PKGDSTRTL PKGDSTRTL,131,8000,,EXT_4220
,9/30/17,,,Pride Industries,,transfer of all pride to tigers hayward,,,153 Tigers Hayward,PKGFLWAMCT PKGFLWAMCT,132,59.82582,,EXT_441
,9/30/17,,,Pride Industries,,transfer of all pride to tigers hayward,,,153 Tigers Hayward,PKGFLWARIS01 PKGFLWARIS01,133,1891,,EXT_413
,9/30/17,,,Pride Industries,,transfer of all pride to tigers hayward,,,153 Tigers Hayward,PKGFLWARIS02 PKGFLWARIS02,134,4747,,EXT_411
,9/30/17,,,Pride Industries,,transfer of all pride to tigers hayward,,,153 Tigers Hayward,PKGFLWARTL PKGFLWARTL,135,2557,,EXT_451
,9/30/17,,,Pride Industries,,transfer of all pride to tigers hayward,,,153 Tigers Hayward,PKGFLWSLVA PKGFLWSLVA,136,0,,EXT_4256
,9/30/17,,,Pride Industries,,transfer of all pride to tigers hayward,,,153 Tigers Hayward,PKGFMDSLV PKGFMDSLV,137,0,,EXT_4223
,9/30/17,,,Pride Industries,,transfer of all pride to tigers hayward,,,153 Tigers Hayward,PKGMMDSLV PKGMMDSLV,138,0,,EXT_4222
,9/30/17,,,Pride Industries,,transfer of all pride to tigers hayward,,,153 Tigers Hayward,PKGMTDSLV PKGMTDSLV,139,3850,,EXT_4226
,9/30/17,,,Pride Industries,,transfer of all pride to tigers hayward,,,153 Tigers Hayward,PKGRMDSLV PKGRMDSLV,140,0,,EXT_4224
,9/30/17,,,Pride Industries,,transfer of all pride to tigers hayward,,,153 Tigers Hayward,PKGSLDA-OVSP PKGSLDA-OVSP,141,0,,EXT_1036
,9/30/17,,,Pride Industries,,transfer of all pride to tigers hayward,,,153 Tigers Hayward,PKGSLDAMCT PKGSLDAMCT,142,935.97332,,EXT_452
,9/30/17,,,Pride Industries,,transfer of all pride to tigers hayward,,,153 Tigers Hayward,PKGSLDARTL PKGSLDARTL,143,2710,,EXT_453
,9/30/17,,,Pride Industries,,transfer of all pride to tigers hayward,,,153 Tigers Hayward,PKGSLDSLVA PKGSLDSLVA,144,0,,EXT_4263
,9/30/17,,,Pride Industries,,transfer of all pride to tigers hayward,,,153 Tigers Hayward,PKGSNWHDR1 PKGSNWHDR1,145,16510,,EXT_2166
,9/30/17,,,Pride Industries,,transfer of all pride to tigers hayward,,,153 Tigers Hayward,PKGSNWHDR2 PKGSNWHDR2,146,14994,,EXT_2151
,9/30/17,,,Pride Industries,,transfer of all pride to tigers hayward,,,153 Tigers Hayward,PKGSNWTAG PKGSNWTAG,147,3511,,EXT_2156
,9/30/17,,,Pride Industries,,transfer of all pride to tigers hayward,,,153 Tigers Hayward,PKGSTPMCT02 PKGSTPMCT02,148,766.21996,,EXT_419
,9/30/17,,,Pride Industries,,transfer of all pride to tigers hayward,,,153 Tigers Hayward,PKGSTPRIS PKGSTPRIS,149,5178,,EXT_412
,9/30/17,,,Pride Industries,,transfer of all pride to tigers hayward,,,153 Tigers Hayward,PKGSTPRIS02 PKGSTPRIS02,150,5616,,EXT_431
,9/30/17,,,Pride Industries,,transfer of all pride to tigers hayward,,,153 Tigers Hayward,PKGSTPRTL02 PKGSTPRTL02,151,5914,,EXT_1034
,9/30/17,,,Pride Industries,,transfer of all pride to tigers hayward,,,153 Tigers Hayward,PKGSTPSLVA PKGSTPSLVA,152,0,,EXT_4259
,9/30/17,,,Pride Industries,,transfer of all pride to tigers hayward,,,153 Tigers Hayward,PKGSTSSLVA PKGSTSSLVA,153,0,,EXT_4260
,9/30/17,,,Pride Industries,,transfer of all pride to tigers hayward,,,153 Tigers Hayward,PKGTEARTL02 PKGTEARTL02,154,6333,,EXT_420
,9/30/17,,,Pride Industries,,transfer of all pride to tigers hayward,,,153 Tigers Hayward,PKGTLSBSLVA PKGTLSBSLVA,155,3216,,EXT_4262
,9/30/17,,,Pride Industries,,transfer of all pride to tigers hayward,,,153 Tigers Hayward,PKGTLSMCT02 PKGTLSMCT02,156,176.07228,,EXT_429
,9/30/17,,,Pride Industries,,transfer of all pride to tigers hayward,,,153 Tigers Hayward,PKGTLSPSLVA PKGTLSPSLVA,157,4526,,EXT_4261
,9/30/17,,,Pride Industries,,transfer of all pride to tigers hayward,,,153 Tigers Hayward,PKGTLSRTL02 PKGTLSRTL02,158,6971,,EXT_415
,9/30/17,,,Pride Industries,,transfer of all pride to tigers hayward,,,153 Tigers Hayward,PKL01R PKL01R,159,10550,,EXT_313
,9/30/17,,,Pride Industries,,transfer of all pride to tigers hayward,,,153 Tigers Hayward,PLI01R-GR PLI01R-GR,160,7057,,EXT_273
,9/30/17,,,Pride Industries,,transfer of all pride to tigers hayward,,,153 Tigers Hayward,PLI01R-YW PLI01R-YW,161,8366,,EXT_269
,9/30/17,,,Pride Industries,,transfer of all pride to tigers hayward,,,153 Tigers Hayward,PPR01R PPR01R,162,12160,,EXT_299
,9/30/17,,,Pride Industries,,transfer of all pride to tigers hayward,,,153 Tigers Hayward,SAU01R-B SAU01R-B,163,26089,,EXT_259
,9/30/17,,,Pride Industries,,transfer of all pride to tigers hayward,,,153 Tigers Hayward,SAU01R-LV2 SAU01R-LV2,164,719,,EXT_1038
,9/30/17,,,Pride Industries,,transfer of all pride to tigers hayward,,,153 Tigers Hayward,SAU01R-P SAU01R-P,165,5091,,EXT_288
,9/30/17,,,Pride Industries,,transfer of all pride to tigers hayward,,,153 Tigers Hayward,SAW01R-GR SAW01R-GR,166,6306,,EXT_284
,9/30/17,,,Pride Industries,,transfer of all pride to tigers hayward,,,153 Tigers Hayward,SAW01R-YW SAW01R-YW,167,7618,,EXT_279
,9/30/17,,,Pride Industries,,transfer of all pride to tigers hayward,,,153 Tigers Hayward,SCF01R-GR SCF01R-GR,168,9232,,EXT_247
,9/30/17,,,Pride Industries,,transfer of all pride to tigers hayward,,,153 Tigers Hayward,SCF01R-PR SCF01R-PR,169,5428,,EXT_250
,9/30/17,,,Pride Industries,,transfer of all pride to tigers hayward,,,153 Tigers Hayward,SCP01R-GR SCP01R-GR,170,7067,,EXT_238
,9/30/17,,,Pride Industries,,transfer of all pride to tigers hayward,,,153 Tigers Hayward,SCP01R-PR SCP01R-PR,171,5696,,EXT_239
,9/30/17,,,Pride Industries,,transfer of all pride to tigers hayward,,,153 Tigers Hayward,SERVICES:Assembly:Assembly-CHP1 - KS SERVICES:Assembly:Assembly-CHP1 - KS,172,0,,EXT_1851
,9/30/17,,,Pride Industries,,transfer of all pride to tigers hayward,,,153 Tigers Hayward,SLDA-OIL SLDA-OIL,173,4326,,EXT_314
,9/30/17,,,Pride Industries,,transfer of all pride to tigers hayward,,,153 Tigers Hayward,SLDA-PEP SLDA-PEP,174,4628,,EXT_337
,9/30/17,,,Pride Industries,,transfer of all pride to tigers hayward,,,153 Tigers Hayward,SLDA-SAL SLDA-SAL,175,4007,,EXT_351
,9/30/17,,,Pride Industries,,transfer of all pride to tigers hayward,,,153 Tigers Hayward,SLDA-VIN SLDA-VIN,176,5762,,EXT_343
,9/30/17,,,Pride Industries,,transfer of all pride to tigers hayward,,,153 Tigers Hayward,SPK01R-SLDA SPK01R-SLDA,177,4351,,EXT_285
,9/30/17,,,Pride Industries,,transfer of all pride to tigers hayward,,,153 Tigers Hayward,SPN01R-PK SPN01R-PK,178,0,,EXT_1581
,9/30/17,,,Pride Industries,,transfer of all pride to tigers hayward,,,153 Tigers Hayward,SPN01R-PK2 SPN01R-PK2,179,910,,EXT_354
,9/30/17,,,Pride Industries,,transfer of all pride to tigers hayward,,,153 Tigers Hayward,SPN01R-SLDA SPN01R-SLDA,180,4202,,EXT_286
,9/30/17,,,Pride Industries,,transfer of all pride to tigers hayward,,,153 Tigers Hayward,STPA-OP STPA-OP,181,16285,,EXT_301
,9/30/17,,,Pride Industries,,transfer of all pride to tigers hayward,,,153 Tigers Hayward,STSA-OP STSA-OP,182,13485,,EXT_290
,9/30/17,,,Pride Industries,,transfer of all pride to tigers hayward,,,153 Tigers Hayward,SUG01R-PK SUG01R-PK,183,0,,EXT_1583
,9/30/17,,,Pride Industries,,transfer of all pride to tigers hayward,,,153 Tigers Hayward,SUG02R-PK2 SUG02R-PK2,184,9,,EXT_223
,9/30/17,,,Pride Industries,,transfer of all pride to tigers hayward,,,153 Tigers Hayward,SUG02R-Y SUG02R-Y,185,449,,EXT_222
,9/30/17,,,Pride Industries,,transfer of all pride to tigers hayward,,,153 Tigers Hayward,TBX01R-BL TBX01R-BL,186,7186,,EXT_1037
,9/30/17,,,Pride Industries,,transfer of all pride to tigers hayward,,,153 Tigers Hayward,TBX01R-PK TBX01R-PK,187,6397,,EXT_274
,9/30/17,,,Pride Industries,,transfer of all pride to tigers hayward,,,153 Tigers Hayward,TEARTLINSB TEARTLINSB,188,0,,EXT_4300
,9/30/17,,,Pride Industries,,transfer of all pride to tigers hayward,,,153 Tigers Hayward,TEARTLINSP TEARTLINSP,189,0,,EXT_4301
,9/30/17,,,Pride Industries,,transfer of all pride to tigers hayward,,,153 Tigers Hayward,TOM01R-G TOM01R-G,190,3555,,EXT_280
,9/30/17,,,Pride Industries,,transfer of all pride to tigers hayward,,,153 Tigers Hayward,TOM01R-R TOM01R-R,191,11069,,EXT_241
,9/30/17,,,Pride Industries,,transfer of all pride to tigers hayward,,,153 Tigers Hayward,WRE01R-GR WRE01R-GR,192,8645,,EXT_275
,9/30/17,,,Pride Industries,,transfer of all pride to tigers hayward,,,153 Tigers Hayward,WRE01R-YW WRE01R-YW,193,8445,,EXT_272